DATE,Site,Side,AFDW,Density_numberPermm2,AU_mm2,Diatoms-Substrate_Mm2-mm2,percentLive
5/7/1998,Intake,C,1.76,,,,
5/7/1998,Intake,C,2.02,,,,
5/7/1998,Intake,C,3.08,,,,
5/7/1998,Intake,L,4.82,,,,
5/7/1998,Intake,L,0.91,,,,
5/7/1998,Intake,L,1.57,,,,
5/7/1998,Intake,R,2.31,41,25.95,0.0104,60
5/7/1998,Intake,R,2.87,2,0.73,0.0003,65
5/7/1998,Intake,R,8.08,2,0.86,0.0003,62
5/7/1998,TC,C,4.58,357,,,44
5/7/1998,TC,C,3.78,25,7.09,0.0028,70
5/7/1998,TC,C,3.49,46,12.02,0.0048,67
5/7/1998,TC,L,9.8,127,44.49,0.0178,46
5/7/1998,TC,L,4.35,311,100.15,0.0401,50
5/7/1998,TC,L,2.98,152,,,30
5/7/1998,TC,R,9.3,249,,,63
5/7/1998,TC,R,15.98,587,,,37
5/7/1998,TC,R,4.02,2513,,,56
5/7/1998,TRIB,1,6.01,532,123,0.05,94
6/2/1998,Intake,C,1.6,21,3.52,0.0014,11
6/2/1998,Intake,C,1.21,2,,,60
6/2/1998,Intake,C,1.27,1,0.32,0.0001,60
6/2/1998,Intake,L,1.62,38,12.41,0.005,57
6/2/1998,Intake,L,1.7,1,0.33,0.0001,44
6/2/1998,Intake,L,4.03,5,2.88,0.0012,75
6/2/1998,Intake,R,1.26,2,0.83,0.0003,43
6/2/1998,Intake,R,1.48,2,0.83,0.0003,43
6/2/1998,Intake,R,1.34,1,0.59,0.0002,57
6/2/1998,TC,C,0.73,4,0.6,0.0002,81
6/2/1998,TC,C,1.31,0,0.1,0,100
6/2/1998,TC,C,1.25,0,0.03,0,67
6/2/1998,TC,L,0.21,1,0.28,0.0001,64
6/2/1998,TC,L,2.61,0,0.13,0.0001,58
6/2/1998,TC,L,0.72,2,0.49,0.0002,81
6/2/1998,TC,R,0.69,1,0.28,0.0001,100
6/2/1998,TC,R,1.09,1,0.27,0.0001,68
6/2/1998,TC,R,0.72,0,0.09,0,43
6/2/1998,TRIB,1,3.4,188,32,0.01,
6/2/1998,TRIB,2,2.5,377,57,0.02,
6/2/1998,TRIB,3,0.69,557,87,0.03,
7/1/1998,Intake,,2.53,,,,
7/1/1998,Intake,,2.33,,,,
7/1/1998,Intake,,1.72,,,,
7/1/1998,Intake,,1.08,,,,
7/1/1998,Intake,,4.42,,,,
7/1/1998,Intake,,5.29,,,,
7/1/1998,Intake,R,1.94,19,9.05,0.0036,71
7/1/1998,Intake,R,3.25,65,27.79,0.0111,65
7/1/1998,Intake,R,1.08,12,5.41,0.0022,51
7/1/1998,TC,C,1.86,,,,
7/1/1998,TC,C,2.36,,,,
7/1/1998,TC,C,3.06,,,,
7/1/1998,TC,L,2.1,,,,
7/1/1998,TC,L,2.26,,,,
7/1/1998,TC,L,5.9,,,,
7/1/1998,TC,R,1.25,,,,
7/1/1998,TC,R,1.67,,,,
7/1/1998,TC,R,2.15,,,,
7/1/1998,TRIB,1,11.18,,,,
7/1/1998,TRIB,2,5.33,,,,
7/1/1998,TRIB,3,18.19,,,,
8/5/1998,Intake,C,0.75,,,,
8/5/1998,Intake,C,0.47,,,,
8/5/1998,Intake,L,1.25,,,,
8/5/1998,Intake,L,1.66,,,,
8/5/1998,Intake,C,0.71,,,,
8/5/1998,Intake,R,0.98,20,7.82,0.0031,
8/5/1998,Intake,R,0.62,13,4.6,0.0018,
8/5/1998,Intake,R,0.87,18,4.84,0.0019,
8/5/1998,TC,C,1.56,,,,
8/5/1998,TC,C,11.25,,,,
8/5/1998,TC,C,2.97,,,,
8/5/1998,TC,L,1.33,,,,
8/5/1998,TC,L,1.41,,,,
8/5/1998,TC,L,2.58,,,,
8/5/1998,TC,R,0.7,,,,
8/5/1998,TC,R,1.64,,,,
8/5/1998,TC,R,0.64,,,,
8/5/1998,TRIB,,5.16,,,,
8/5/1998,TRIB,,6.61,,,,
8/5/1998,TRIB,,15,,,,
9/11/1998,Intake,C,0.62,1,0.35,0.0001,65
9/11/1998,Intake,L,0.21,1,0.4,0.0002,85
9/11/1998,Intake,L,0.37,1,0.38,0.0002,65
9/11/1998,Intake,R,0.5,3,1.27,0.0005,62
9/11/1998,Intake,R,0.54,3,1.02,0.0004,52
9/11/1998,Intake,R,0.38,3,1.43,0.0006,76
9/11/1998,Intake,,0.25,,,,
9/11/1998,TC,C,0.94,8,2.04,0.0008,84
9/11/1998,TC,C,1.72,6,1.45,0.0006,100
9/11/1998,TC,C,0.55,20,5.53,0.0022,87
9/11/1998,TC,L,1.56,30,8.68,0.0035,68
9/11/1998,TC,L,2.19,67,17.77,0.0071,55
9/11/1998,TC,L,0.78,27,15.22,0.0061,60
9/11/1998,TC,R,0.94,20,4.77,0.0019,85
9/11/1998,TC,R,3.52,18,5.28,0.0021,62
9/11/1998,TC,R,0.47,10,2.68,0.0011,73
9/11/1998,TRIB,1,14.31,7586,1074,0.43,68
9/11/1998,TRIB,2,23.75,7270,1318,0.53,68
9/11/1998,TRIB,3,16.09,2721,538,0.22,80
9/24/1998,BQ3,1,0.8,6,1.79,0.0007,70
9/24/1998,BQ3,2,2.46,6,1.876600996,0.00075064,74
9/24/1998,BQ3,3,1.56,11,2.110129987,0.000844052,64
9/24/1998,Gage,R,1.28,5,1.81,0.0007,75
9/24/1998,Gage,R,1.82,10,2.22,0.0009,92
9/24/1998,Gage,R,1.87,5,1.64,0.0007,58
9/29/1998,BQ3,1,4.23,93,,,70
9/29/1998,BQ3,2,7.1,101,,,81
9/29/1998,BQ3,3,2.17,101,,,89
9/29/1998,Intake,R,1.07,4,2.09,0.0008,
9/29/1998,Intake,R,0.87,0,0.03,0,
9/29/1998,Intake,R,1.28,21,5.59,0.0022,
9/29/1998,PR,1,1.66,68,,,75
9/29/1998,PR,2,0.56,43,,,73
9/29/1998,PR,3,1.03,140,,,66
10/6/1998,BQ3,1,37.25,3803,1982.746484,0.793098593,54
10/6/1998,BQ3,2,50.54,3248,2134.802235,0.853920894,67
10/6/1998,BQ3,3,102.85,22274,10710.40177,4.284160706,79
10/6/1998,Intake,C,0.7,80,93.46,0.0374,76
10/6/1998,Intake,C,0.94,23,8.07,0.0032,81
10/6/1998,Intake,C,0.85,37,12.43,0.005,76
10/6/1998,Intake,L,1.72,103,30.76,0.0123,66
10/6/1998,Intake,L,1.92,52,22.05,0.0088,52
10/6/1998,Intake,L,1.02,60,12.9,0.0052,79
10/6/1998,Intake,R,1.29,63,20.43,0.0082,72
10/6/1998,Intake,R,5.47,10,2.72,0.0011,60
10/6/1998,Intake,R,1.64,44,18.72,0.0075,74
10/6/1998,TC,C,0.78,53,18.66,0.0075,79
10/6/1998,TC,C,1.48,50,14.15,0.0057,92
10/6/1998,TC,C,1.33,18,5.01,0.002,79
10/6/1998,TC,L,2.13,368,60.64,0.0243,77
10/6/1998,TC,L,1.02,121,43.85,0.0175,72
10/6/1998,TC,L,2.19,550,147.71,0.0591,89
10/6/1998,TC,R,2.19,238,76.12,0.0304,69
10/6/1998,TC,R,1.02,68,16.68,0.0067,66
10/6/1998,TC,R,2.73,26,9.68,0.0039,46
10/6/1998,TRIB,1,19.61,1500,481,0.19,81
10/6/1998,TRIB,2,17.89,78975,7343,2.94,98
10/6/1998,TRIB,3,29.43,36392,3258,1.3,100
10/13/1998,BQ3,1,27.43,6482.712766,3291.558919,1.316623567,74
10/13/1998,BQ3,2,3.09,7205.055058,4888.245654,1.955298262,44
10/13/1998,BQ3,3,36.21,529.8051576,197.1267068,0.078850683,51
10/13/1998,Intake,R,1.26,344,127.26,0.0509,61
10/13/1998,Intake,R,0.9,613,202.79,0.0811,48
10/13/1998,Intake,R,2.81,357,97.29,0.0389,41
10/13/1998,PR,1,0.47,22,22.12,0.0088,87
10/13/1998,PR,2,15.38,20159,10840.98,4.3364,84
10/13/1998,PR,3,6.02,607,274.84,0.1099,68
10/20/1998,BQ3,1,1.52,2202.12766,,,69
10/20/1998,BQ3,2,22.44,412.8989362,,,56
10/20/1998,BQ3,3,8.58,2615.625,,,34
10/20/1998,Intake,R,1.02,18,7.6,0.003,
10/20/1998,Intake,R,1.47,395,255.72,0.1023,
10/20/1998,Intake,R,1.25,76,32.19,0.0129,50
10/20/1998,PR,1,,39,,,56
10/20/1998,PR,2,,436,,,81
10/20/1998,PR,3,,2249,,,62
10/27/1998,BQ3,1,11.72,818.75,,,87
10/27/1998,BQ3,2,29.02,291.5425532,,,56
10/27/1998,BQ3,3,7.59,1376.329787,,,68
10/27/1998,Intake,R,3.19,13,5.12,0.002,
10/27/1998,Intake,R,1.84,35,13.99,0.0056,
10/27/1998,Intake,R,1.44,1,0.48,0.0002,
10/27/1998,PR,1,1.56,115,,,67
10/27/1998,PR,2,2.89,148,,,84
10/27/1998,PR,3,0.94,130,,,71
11/3/1998,BQ3,1,4.56,248.0884309,,,75
11/3/1998,BQ3,2,1.21,15.43661348,,,65
11/3/1998,BQ3,3,6.35,317.5232173,,,58
11/3/1998,Intake,R,1.04,21,6.62,0.0026,
11/3/1998,Intake,R,1.04,7,2.85,0.0011,
11/3/1998,Intake,R,0.8,13,4.39,0.0018,
11/3/1998,PR,1,1.09,29,,,76
11/3/1998,PR,2,4.3,36,,,65
11/3/1998,PR,3,1.8,344,,,69
11/10/1998,BQ3,1,5.08,,,,
11/10/1998,BQ3,2,1.48,,,,
11/10/1998,BQ3,3,4.92,,,,
11/10/1998,Intake,C,2.34,,,,
11/10/1998,Intake,C,1.56,,,,
11/10/1998,Intake,C,4.58,,,,
11/10/1998,Intake,L,5.04,190,42.42,0.017,
11/10/1998,Intake,L,2.03,,,,
11/10/1998,Intake,L,2.34,,,,
11/10/1998,Intake,R,1.72,,,,
11/10/1998,Intake,R,2.58,1899,720.34,0.2881,
11/10/1998,Intake,R,1.56,766,211.6,0.0846,
11/10/1998,PR,1,1.48,32,,,88
11/10/1998,PR,2,1.17,12,,,100
11/10/1998,PR,3,4.06,439,,,52
11/10/1998,TC,C,2.34,,,,
11/10/1998,TC,C,3.75,,,,
11/10/1998,TC,C,7.03,,,,
11/10/1998,TC,L,4.06,,,,
11/10/1998,TC,L,1.8,,,,
11/10/1998,TC,L,2.34,,,,
11/10/1998,TC,R,3.59,,,,
11/10/1998,TC,R,2.11,,,,
11/10/1998,TC,R,5.39,,,,
11/10/1998,TRIB,1,9.14,,,,
11/10/1998,TRIB,2,18.12,,,,
11/10/1998,TRIB,3,20.75,,,,
11/17/1998,BQ3,1,6.66,286.9680851,,,56
11/17/1998,BQ3,2,3.66,420.1296543,,,79
11/17/1998,BQ3,3,3.44,,,,
11/17/1998,Intake,R,4.65,236,82.16,0.0329,
11/17/1998,Intake,R,7.07,936,282.39,0.113,
11/17/1998,Intake,R,1.41,649,247.95,0.0992,
11/17/1998,PR,1,5.78,1596,,,74
11/17/1998,PR,2,0.94,78,,,56
11/17/1998,PR,3,6.25,220,,,65
12/1/1998,BQ3,1,3.17,426.3630319,,,87
12/1/1998,BQ3,2,1.79,222.0079787,,,86
12/1/1998,BQ3,3,7.51,203.5451245,,,67
12/7/1998,BQ3,1,21.3,478.7234043,107.2752354,0.042910094,56
12/7/1998,BQ3,2,7.56,1042.553191,151.0580649,0.060423226,88
12/7/1998,BQ3,3,3.3,865.3590426,92.35161291,0.036940645,70
12/7/1998,Intake,C,0.9,38,9.34,0.0037,47
12/7/1998,Intake,C,1.95,25,5.59,0.0022,60
12/7/1998,Intake,C,0.55,53,11.85,0.0047,79
12/7/1998,Intake,L,0.7,20,5.44,0.0022,56
12/7/1998,Intake,L,1.25,14,4.57,0.0018,86
12/7/1998,Intake,L,0.85,25,6.84,0.0027,78
12/7/1998,Intake,R,1.56,13,3.19,0.0013,79
12/7/1998,Intake,R,0.9,108,26.9,0.0108,86
12/7/1998,Intake,R,1.72,12,3.21,0.0013,79
12/7/1998,PR,1,4.75,,,,
12/7/1998,PR,2,0.78,109,43.59,0.0174,81
12/7/1998,PR,3,3.05,160,45.61,0.0182,68
12/7/1998,TC,C,0.63,100,19.5,0.0078,58
12/7/1998,TC,C,0.86,37,9.65,0.0039,85
12/7/1998,TC,C,0.7,50,12.35,0.0049,68
12/7/1998,TC,L,0.94,63,18.73,0.0075,57
12/7/1998,TC,L,1.09,51,7.91,0.0032,72
12/7/1998,TC,L,0.86,46,10.36,0.0041,53
12/7/1998,TC,R,1.48,175,80.61,0.0322,81
12/7/1998,TC,R,0.78,70,19.59,0.0078,87
12/7/1998,TC,R,1.33,40,11.87,0.0047,74
12/7/1998,TRIB,1,2.73,479,96,0.04,77
12/7/1998,TRIB,2,3.67,223,57,0.02,79
12/7/1998,TRIB,3,3.52,106,25,0.01,77
12/22/1998,PR,1,22.25,1187,,,77
12/22/1998,PR,2,3.52,3910,,,79
12/22/1998,PR,3,2.19,78,,,81
12/22/1998,Intake,R,11.07,,,,
12/22/1998,Intake,R,3.79,,,,
12/22/1998,Intake,R,5.94,,,,
12/22/1998,PR,1,7.5,,,,
12/22/1998,PR,2,15.25,,,,
12/22/1998,PR,3,0.55,,,,
1/5/1999,BQ3,1,24.81,1192.133477,,,55
1/5/1999,BQ3,2,3.06,793.0851064,,,63
1/5/1999,BQ3,3,5.69,5425.531915,,,66
1/5/1999,Intake,C,0.7,,,,
1/5/1999,Intake,C,1.33,,,,
1/5/1999,Intake,C,1.48,,,,
1/5/1999,Intake,L,1.02,,,,
1/5/1999,Intake,L,1.17,,,,
1/5/1999,Intake,L,1.3,,,,
1/5/1999,Intake,R,0.47,9,3.6,0.0014,67
1/5/1999,Intake,R,1.17,24,8.91,0.0036,60
1/5/1999,Intake,R,1.16,163,59.33,0.0237,85
1/5/1999,PR,1,2.64,,,,
1/5/1999,PR,2,1.25,,,,
1/5/1999,PR,3,1.25,,,,
1/5/1999,TC,C,3.67,,,,
1/5/1999,TC,C,1.56,,,,
1/5/1999,TC,C,1.17,,,,
1/5/1999,TC,L,3.44,,,,
1/5/1999,TC,L,7.27,,,,
1/5/1999,TC,L,4.37,,,,
1/5/1999,TC,R,4.3,,,,
1/5/1999,TC,R,4.06,,,,
1/5/1999,TC,R,9.06,,,,
1/5/1999,TRIB,1,19.37,,,,
1/5/1999,TRIB,2,8.28,,,,
1/5/1999,TRIB,3,11.41,,,,
2/2/1999,BQ3,1,4.38,231.3829787,161.8645036,0.064745801,45
2/2/1999,BQ3,2,1.64,266.4165916,160.3978668,0.064159147,64
2/2/1999,BQ3,3,1.02,598.8426467,227.4325319,0.090973013,52
2/2/1999,Intake,C,7.34,30,8.02,0.0032,68
2/2/1999,Intake,C,7.49,70,27.29,0.0109,72
2/2/1999,Intake,C,5.07,11,3.35,0.0013,62
2/2/1999,Intake,L,1.17,6282,1842.25,0.7369,80
2/2/1999,Intake,L,10,11462,5842.46,2.337,94
2/2/1999,Intake,L,9.06,7764,3732,1.4928,82
2/2/1999,Intake,R,5.23,2083,870.37,0.3481,74
2/2/1999,Intake,R,2.27,9703,2352.42,0.941,78
2/2/1999,Intake,R,1.41,14677,3459.08,1.3836,86
2/2/1999,PR,1,4.06,3190,876.58,0.3506,77
2/2/1999,PR,2,0.86,96,34.78,0.0139,74
2/2/1999,PR,3,1.41,233,155.2,0.0621,91
2/2/1999,TC,C,2.03,5482,1788.58,0.7154,93
2/2/1999,TC,C,1.99,2615,914.49,0.3658,100
2/2/1999,TC,C,5.86,1865,535.64,0.2143,82
2/2/1999,TC,L,4.53,7872,2247.95,0.8992,94
2/2/1999,TC,L,8.52,8842,4309.8,1.7239,84
2/2/1999,TC,L,5.31,8515,4213.58,1.6854,82
2/2/1999,TC,R,11.48,6957,1846.87,0.7387,100
2/2/1999,TC,R,10.55,3028,1317.93,0.5272,58
2/2/1999,TC,R,10.7,3097,965.21,0.3861,100
2/2/1999,TRIB,1,10.25,39894,16683,6.67,84
2/2/1999,TRIB,2,22.5,53050,19024,7.61,82
2/2/1999,TRIB,3,16.75,17400,6671,2.67,91
3/2/1999,BQ3,1,17.73,,,,
3/2/1999,BQ3,2,129.69,,,,
3/2/1999,BQ3,3,31.56,,,,
3/2/1999,Intake,C,6.72,,,,
3/2/1999,Intake,C,23.59,,,,
3/2/1999,Intake,C,6.17,,,,
3/2/1999,Intake,L,2.11,,,,
3/2/1999,Intake,L,6.51,,,,
3/2/1999,Intake,L,2.19,,,,
3/2/1999,Intake,R,2.5,1580,917.07,0.3668,
3/2/1999,Intake,R,4.7,1587,1484.89,0.594,
3/2/1999,Intake,R,6.64,3300,3004.15,1.2017,
3/2/1999,PR,1,1.56,,,,
3/2/1999,PR,2,3.67,,,,
3/2/1999,PR,3,2.11,,,,
3/2/1999,TC,C,4.69,,,,
3/2/1999,TC,C,3.98,,,,
3/2/1999,TC,C,4.81,,,,
3/2/1999,TC,L,2.81,,,,
3/2/1999,TC,L,3.36,,,,
3/2/1999,TC,L,4.67,,,,
3/2/1999,TC,R,8.12,,,,
3/2/1999,TC,R,5.47,,,,
3/2/1999,TC,R,3.98,,,,
3/2/1999,TRIB,1,7.42,,,,
3/2/1999,TRIB,2,3.44,,,,
3/2/1999,TRIB,3,6.72,,,,
4/6/1999,BQ3,1,2.03,,,,
4/6/1999,BQ3,2,2.81,,,,
4/6/1999,BQ3,3,28.28,,,,
4/6/1999,Intake,C,2.1,,,,
4/6/1999,Intake,C,2.59,,,,
4/6/1999,Intake,C,3.59,,,,
4/6/1999,Intake,L,3.49,,,,
4/6/1999,Intake,L,1.87,,,,
4/6/1999,Intake,L,2.11,,,,
4/6/1999,Intake,R,0.7,157,74.34,0.0297,
4/6/1999,Intake,R,2.03,35,22.64,0.0091,
4/6/1999,Intake,R,1.48,81,37.82,0.0151,
4/6/1999,PR,1,2.89,,,,
4/6/1999,PR,2,3.59,,,,
4/6/1999,PR,3,2.34,,,,
4/6/1999,TC,C,11.25,,,,
4/6/1999,TC,C,8.83,,,,
4/6/1999,TC,C,16.09,,,,
4/6/1999,TC,L,19.14,,,,
4/6/1999,TC,L,18.36,,,,
4/6/1999,TC,L,16.8,,,,
4/6/1999,TC,R,12.51,,,,
4/6/1999,TC,R,8.2,,,,
4/6/1999,TC,R,30.78,,,,
4/6/1999,TRIB,1,29.61,,,,
4/6/1999,TRIB,2,18.2,,,,
4/6/1999,TRIB,3,41.56,,,,
5/6/1999,BQ3,1,1.56,,,,
5/6/1999,BQ3,2,4.96,,,,
5/6/1999,BQ3,3,1.91,,,,
5/6/1999,Intake,C,0.82,,,,
5/6/1999,Intake,C,1.2,,,,
5/6/1999,Intake,C,1.52,,,,
5/6/1999,Intake,L,0.86,,,,
5/6/1999,Intake,L,1.72,,,,
5/6/1999,Intake,L,0.86,,,,
5/6/1999,Intake,R,1.05,22,11.57,0.0046,
5/6/1999,Intake,R,0.7,21,13.74,0.0055,
5/6/1999,Intake,R,0.9,18,17.55,0.007,
5/6/1999,PR,1,4.18,,,,
5/6/1999,PR,2,1.33,,,,
5/6/1999,PR,3,1.41,,,,
5/6/1999,TC,C,26.02,,,,
5/6/1999,TC,C,28.44,,,,
5/6/1999,TC,C,9.45,,,,
5/6/1999,TC,L,18.91,,,,
5/6/1999,TC,L,39.45,,,,
5/6/1999,TC,L,11.09,,,,
5/6/1999,TC,R,20.86,,,,
5/6/1999,TC,R,31.25,,,,
5/6/1999,TC,R,10.78,,,,
5/6/1999,TRIB,1,19.96,,,,
5/6/1999,TRIB,2,13.67,,,,
5/6/1999,TRIB,3,29.06,,,,
6/8/1999,BQ3,1,2.07,339.0957447,81.62992903,0.032651972,66
6/8/1999,BQ3,2,1.56,378.9893617,98.00256998,0.039201028,66
6/8/1999,BQ3,3,1.87,334.1090426,75.20298597,0.030081194,56
6/8/1999,Intake,C,0.86,36,8.22,0.0033,60
6/8/1999,Intake,C,0.93,21,5.87,0.0023,42
6/8/1999,Intake,C,0.54,37,8.85,0.0035,44
6/8/1999,Intake,L,0.9,37,10.82,0.0043,63
6/8/1999,Intake,L,0.9,23,6.52,0.0026,52
6/8/1999,Intake,L,1.33,17,5.99,0.0024,29
6/8/1999,Intake,R,0.47,22,10.68,0.0043,51
6/8/1999,Intake,R,1.72,24,9.09,0.0036,51
6/8/1999,Intake,R,0.88,77,30.95,0.0124,64
6/8/1999,PR,1,,339,82.75,0.0331,
6/8/1999,PR,2,,379,80.11,0.032,
6/8/1999,PR,3,,384,81.52,0.0326,
6/8/1999,TC,C,0.55,63,14.71,0.0059,46
6/8/1999,TC,C,0.39,439,120.21,0.0481,82
6/8/1999,TC,C,0.82,110,29.18,0.0117,55
6/8/1999,TC,L,13.75,16405,4355.36,1.7421,94
6/8/1999,TC,L,13.98,24198,8296.84,3.3187,64
6/8/1999,TC,L,11.8,19334,4465.01,1.786,65
6/8/1999,TC,R,0.78,135,42.1,0.0168,53
6/8/1999,TC,R,0.63,132,34.22,0.0137,69
6/8/1999,TC,R,0.51,99,35.1,0.014,47
6/8/1999,TRIB,1,3.67,224,73,0.03,84
6/8/1999,TRIB,2,3.44,1935,557,0.22,85
6/8/1999,TRIB,3,0.47,2728,646,0.26,85
8/3/1999,BQ3,1,0.66,,,,
8/3/1999,BQ3,2,0.47,,,,
8/3/1999,BQ3,3,0.63,,,,
8/3/1999,Intake,C,0.39,,,,
8/3/1999,Intake,C,0.47,,,,
8/3/1999,Intake,C,1.09,,,,
8/3/1999,Intake,L,0.39,,,,
8/3/1999,Intake,L,0.57,,,,
8/3/1999,Intake,L,0.43,,,,
8/3/1999,Intake,R,0.49,1,0.34,0.0001,
8/3/1999,Intake,R,0.34,7,1.78,0.0007,
8/3/1999,Intake,R,0.7,5,1.81,0.0007,
8/3/1999,PR,1,0.7,,,,
8/3/1999,PR,2,2.34,,,,
8/3/1999,PR,3,0.63,,,,
8/3/1999,TC,C,0.62,,,,
8/3/1999,TC,C,0.78,,,,
8/3/1999,TC,C,0.39,,,,
8/3/1999,TC,L,0.55,,,,
8/3/1999,TC,L,1.08,,,,
8/3/1999,TC,L,0.55,,,,
8/3/1999,TC,R,1.76,,,,
8/3/1999,TC,R,0.51,,,,
8/3/1999,TC,R,1.64,,,,
8/3/1999,TRIB,1,0.27,,,,
8/3/1999,TRIB,2,0.35,,,,
8/3/1999,TRIB,3,0.27,,,,
9/7/1999,BQ3,1,7.34,,,,
9/7/1999,BQ3,2,2.89,,,,
9/7/1999,BQ3,3,11.02,,,,
9/7/1999,Intake,C,2.88,,,,
9/7/1999,Intake,C,0.44,,,,
9/7/1999,Intake,C,2.05,,,,
9/7/1999,Intake,L,1.27,,,,
9/7/1999,Intake,L,2.42,,,,
9/7/1999,Intake,L,0.25,,,,
9/7/1999,Intake,R,1.46,10,2.26,0.0009,
9/7/1999,Intake,R,1.07,156,20.85,0.0083,
9/7/1999,Intake,R,1.15,12,2.65,0.0011,
9/7/1999,PR,1,1.25,,,,
9/7/1999,PR,2,5.55,,,,
9/7/1999,PR,3,11.33,,,,
9/7/1999,TC,C,0.63,,,,
9/7/1999,TC,C,0.49,,,,
9/7/1999,TC,C,0.49,,,,
9/7/1999,TC,L,8.44,,,,
9/7/1999,TC,L,10.23,,,,
9/7/1999,TC,L,5.47,,,,
9/7/1999,TC,R,30.03,,,,
9/7/1999,TC,R,6.35,,,,
9/7/1999,TC,R,5.87,,,,
9/7/1999,TRIB,1,25.7,,,,
9/7/1999,TRIB,2,19.92,,,,
9/7/1999,TRIB,3,46.17,,,,
10/5/1999,BQ3,1,9.92,352.502616,138.1885439,0.055275418,67
10/5/1999,BQ3,2,8.12,852.7260638,287.7461142,0.115098446,58
10/5/1999,BQ3,3,2.66,331.6156915,132.5059244,0.05300237,40
10/5/1999,Intake,C,0.7,22,7.08,0.0028,44
10/5/1999,Intake,C,0.78,29,7.46,0.003,59
10/5/1999,Intake,C,0.94,54,7.17,0.0029,47
10/5/1999,Intake,L,1.09,243,84.47,0.0338,52
10/5/1999,Intake,L,0.86,35,9.04,0.0036,58
10/5/1999,Intake,L,2.19,165,48.68,0.0195,39
10/5/1999,Intake,R,1.33,4,0.8,0.0003,69
10/5/1999,Intake,R,1.41,6,1.38,0.0006,74
10/5/1999,Intake,R,2.03,6,1.58,0.0006,64
10/5/1999,PR,1,1.87,301,106.82,0.0427,59
10/5/1999,PR,2,1.56,88,78.22,0.0313,61
10/5/1999,PR,3,10.47,15385,5088.99,2.0356,80
10/5/1999,TC,C,1.09,16,5.86,0.0023,70
10/5/1999,TC,C,1.26,18,6.15,0.0025,55
10/5/1999,TC,C,1.25,19,6.33,0.0025,74
10/5/1999,TC,L,17.69,1886,914.35,0.3657,78
10/5/1999,TC,L,12.09,1846,696.51,0.2786,88
10/5/1999,TC,L,13.31,3967,948.16,0.3793,79
10/5/1999,TC,R,0.55,11,2.93,0.0012,76
10/5/1999,TC,R,0.78,8,2.49,0.001,59
10/5/1999,TC,R,0.78,6,1.63,0.0007,75
10/5/1999,TRIB,1,11.38,2074,1134,0.45,84
10/5/1999,TRIB,2,14.93,836,488,0.2,95
10/5/1999,TRIB,3,14.31,1142,548,0.22,90
11/9/1999,BQ3,1,11.64,,,,
11/9/1999,BQ3,2,3.05,,,,
11/9/1999,BQ3,3,2.66,,,,
11/9/1999,Intake,C,0.66,,,,
11/9/1999,Intake,C,0.7,,,,
11/9/1999,Intake,C,0.39,,,,
11/9/1999,Intake,L,0.7,,,,
11/9/1999,Intake,L,0.98,,,,
11/9/1999,Intake,L,0.59,,,,
11/9/1999,Intake,R,0.74,,,,
11/9/1999,Intake,R,0.94,,,,
11/9/1999,Intake,R,0.59,,,,
11/9/1999,PR,1,4.53,,,,
11/9/1999,PR,2,8.2,,,,
11/9/1999,PR,3,5.16,,,,
11/9/1999,TC,C,1.17,,,,
11/9/1999,TC,C,0.27,,,,
11/9/1999,TC,C,0.59,,,,
11/9/1999,TC,L,3.95,,,,
11/9/1999,TC,L,5.18,,,,
11/9/1999,TC,L,8.36,,,,
11/9/1999,TC,R,0.59,,,,
11/9/1999,TC,R,3.4,,,,
11/9/1999,TC,R,0.66,,,,
11/9/1999,TRIB,1,9.3,,,,
11/9/1999,TRIB,2,1.21,,,,
11/9/1999,TRIB,3,4.45,,,,
12/8/1999,BQ3,1,4.41,184.5079787,56.54927425,0.02261971,60
12/8/1999,BQ3,2,11.48,1989.694149,1508.889269,0.603555708,48
12/8/1999,BQ3,3,1.45,74.80053191,26.23651785,0.010494607,77
12/8/1999,Intake,C,0.59,1,0.27,0.0001,75
12/8/1999,Intake,C,0.59,1,0.24,0.0001,67
12/8/1999,Intake,C,0.7,0,0.08,0,33
12/8/1999,Intake,L,0.86,39,11.3,0.0045,71
12/8/1999,Intake,L,1.09,20,4.57,0.0018,25
12/8/1999,Intake,L,0.35,6,1.24,0.0005,67
12/8/1999,Intake,R,0.39,3,0.58,0.0002,20
12/8/1999,Intake,R,0.47,5,1.54,0.0006,44
12/8/1999,Intake,R,0.31,3,1.25,0.0005,75
12/8/1999,PR,1,1.41,623,224.96,0.09,56
12/8/1999,PR,2,1.05,77,32.43,0.013,77
12/8/1999,PR,3,2.62,160,49.4,0.0198,82
12/8/1999,TC,C,0.35,11,2.81,0.0011,86
12/8/1999,TC,C,0.47,3,0.75,0.0003,80
12/8/1999,TC,C,0.51,11,3.39,0.0014,50
12/8/1999,TC,L,0.82,24,8.84,0.0035,64
12/8/1999,TC,L,0.51,20,6.35,0.0025,67
12/8/1999,TC,L,0.63,21,7.91,0.0032,46
12/8/1999,TC,R,0.43,8,2.17,0.0009,67
12/8/1999,TC,R,0.55,23,3.1,0.0012,36
12/8/1999,TC,R,0.35,4,0.83,0.0003,50
12/8/1999,TRIB,1,10.16,1888,388,0.16,79
12/8/1999,TRIB,2,10.47,4072,624,0.25,64
12/8/1999,TRIB,3,5.86,13943,2402,0.96,92
1/11/2000,BQ3,1,8.28,,,,
1/11/2000,BQ3,2,27.11,,,,
1/11/2000,BQ3,3,4.37,,,,
1/11/2000,Intake,C,0.7,,,,
1/11/2000,Intake,C,0.59,,,,
1/11/2000,Intake,C,0.82,,,,
1/11/2000,Intake,L,1.05,,,,
1/11/2000,Intake,L,0.78,,,,
1/11/2000,Intake,L,0.47,,,,
1/11/2000,Intake,R,0.51,,,,
1/11/2000,Intake,R,1.02,,,,
1/11/2000,Intake,R,1.33,,,,
1/11/2000,PR,1,13.83,,,,
1/11/2000,PR,2,0.94,,,,
1/11/2000,PR,3,8.09,,,,
1/11/2000,TC,C,0.51,,,,
1/11/2000,TC,C,1.45,,,,
1/11/2000,TC,C,1.33,,,,
1/11/2000,TC,L,7.11,,,,
1/11/2000,TC,L,4.06,,,,
1/11/2000,TC,L,2.34,,,,
1/11/2000,TC,R,2.15,,,,
1/11/2000,TC,R,1.68,,,,
1/11/2000,TC,R,1.91,,,,
1/11/2000,TRIB,1,17.34,,,,
1/11/2000,TRIB,2,10.31,,,,
1/11/2000,TRIB,3,7.5,,,,
2/15/2000,BQ3,1,50.6,1961.759724,3236.478485,1.294591394,62
2/15/2000,BQ3,2,15.69,1015.473888,3180.345282,1.272138113,63
2/15/2000,BQ3,3,189.38,96305.68484,5856.581703,2.342632681,46
2/15/2000,Intake,C,1.56,51,17.16,0.0069,48
2/15/2000,Intake,C,0.9,23,9.2,0.0037,51
2/15/2000,Intake,C,1.05,20,7.71,0.0031,50
2/15/2000,Intake,L,1.13,42,16.11,0.0064,35
2/15/2000,Intake,L,1.17,62,30.41,0.0122,87
2/15/2000,Intake,L,0.74,83,40.27,0.0161,57
2/15/2000,Intake,R,1.64,85,25.94,0.0104,55
2/15/2000,Intake,R,0.59,92,26.36,0.0105,50
2/15/2000,Intake,R,0.59,97,35.57,0.0142,59
2/15/2000,PR,1,11.48,18391,9873.94,3.9496,72
2/15/2000,PR,2,1.87,869,360.2,0.1441,84
2/15/2000,PR,3,9.34,6639,1415.32,0.5661,55
2/15/2000,TC,C,0.82,212,83.87,0.0335,61
2/15/2000,TC,C,0.55,174,62.91,0.0252,57
2/15/2000,TC,C,1.21,99,42.75,0.0171,48
2/15/2000,TC,L,40.73,199298,18785.71,7.5143,86
2/15/2000,TC,L,27.47,19098,5275.82,2.1103,89
2/15/2000,TC,L,21.6,36186,4844.08,1.9376,79
2/15/2000,TC,R,4.02,3607,1960.53,0.7842,58
2/15/2000,TC,R,1.37,173,48.69,0.0195,50
2/15/2000,TC,R,4.18,3801,2674.36,1.0697,66
2/15/2000,TRIB,1,19.26,72861,28898,11.56,83
2/15/2000,TRIB,2,18.77,34483,5121,2.05,84
2/15/2000,TRIB,3,23.03,39964,7142,2.86,82
3/15/2000,BQ3,1,83.38,,,,
3/15/2000,BQ3,2,75.63,,,,
3/15/2000,BQ3,3,63.16,,,,
3/15/2000,Intake,C,0.83,,,,
3/15/2000,Intake,C,0.83,,,,
3/15/2000,Intake,C,0.94,,,,
3/15/2000,Intake,L,0.99,,,,
3/15/2000,Intake,L,1.35,,,,
3/15/2000,Intake,L,0.57,,,,
3/15/2000,Intake,R,1.41,,,,
3/15/2000,Intake,R,1.2,,,,
3/15/2000,Intake,R,2.14,,,,
3/15/2000,PR,1,9.22,,,,
3/15/2000,PR,2,10.16,,,,
3/15/2000,PR,3,23.28,,,,
3/15/2000,TC,C,2.03,,,,
3/15/2000,TC,C,0.83,,,,
3/15/2000,TC,C,1.04,,,,
3/15/2000,TC,L,21.54,,,,
3/15/2000,TC,L,13.12,,,,
3/15/2000,TC,L,45.53,,,,
3/15/2000,TC,R,1.25,,,,
3/15/2000,TC,R,1.05,,,,
3/15/2000,TC,R,1.09,,,,
3/15/2000,TRIB,1,41.69,,,,
3/15/2000,TRIB,2,57.46,,,,
3/15/2000,TRIB,3,43.97,,,,
4/11/2000,BQ3,1,202.03,5505.319149,4208.832698,1.683533079,34
4/11/2000,BQ3,2,332.82,10123.00532,229.895647,0.091958259,32
4/11/2000,BQ3,3,26.36,9674.202128,8779.366027,3.511746411,37
4/11/2000,Intake,C,0.51,100,,,63
4/11/2000,Intake,C,1.33,54,,,59
4/11/2000,Intake,C,0.79,13,,,51
4/11/2000,Intake,L,0.86,82,,,57
4/11/2000,Intake,L,0.66,93,,,46
4/11/2000,Intake,L,1.17,152,,,39
4/11/2000,Intake,R,0.74,67,,,64
4/11/2000,Intake,R,0.7,57,,,55
4/11/2000,Intake,R,0.94,72,,,66
4/11/2000,PR,1,12,17094,8014.57,3.2058,48
4/11/2000,PR,2,9.63,7686,3844.65,1.5379,43
4/11/2000,PR,3,7.06,1981,891.96,0.3568,56
4/11/2000,TC,C,1.88,3607,,,50
4/11/2000,TC,C,1.8,73,,,49
4/11/2000,TC,C,0.9,30,,,46
4/11/2000,TC,L,1.09,1724,,,57
4/11/2000,TC,L,0.66,41,,,45
4/11/2000,TC,L,5.69,249,,,33
4/11/2000,TC,R,0.74,193,,,43
4/11/2000,TC,R,0.7,169,,,36
4/11/2000,TC,R,1.37,292,,,62
4/11/2000,TRIB,1,54.62,36092,11437,4.57,84
4/11/2000,TRIB,2,43.48,73178,16969,6.79,69
4/11/2000,TRIB,3,36.52,70274,58311,23.32,48
5/9/2000,BQ3,1,91.87,,,,
5/9/2000,BQ3,2,66.41,,,,
5/9/2000,BQ3,3,31.97,,,,
5/9/2000,Intake,C,0.73,,,,
5/9/2000,Intake,C,1.02,,,,
5/9/2000,Intake,C,1.18,,,,
5/9/2000,Intake,L,1.05,,,,
5/9/2000,Intake,L,1.02,,,,
5/9/2000,Intake,L,1.29,,,,
5/9/2000,Intake,R,1.64,,,,
5/9/2000,Intake,R,1.29,,,,
5/9/2000,Intake,R,0.66,,,,
5/9/2000,PR,1,11.02,,,,
5/9/2000,PR,2,2.66,,,,
5/9/2000,PR,3,1.21,,,,
5/9/2000,TC,C,0.55,,,,
5/9/2000,TC,C,3.28,,,,
5/9/2000,TC,C,1.17,,,,
5/9/2000,TC,L,1.41,,,,
5/9/2000,TC,L,2.07,,,,
5/9/2000,TC,L,1.13,,,,
5/9/2000,TC,R,1.05,,,,
5/9/2000,TC,R,1.84,,,,
5/9/2000,TC,R,0.55,,,,
5/9/2000,TRIB,1,7.66,,,,
5/9/2000,TRIB,2,24.22,,,,
5/9/2000,TRIB,3,46.41,,,,
6/13/2000,BQ3,1,15.69,1196.808511,,,55
6/13/2000,BQ3,2,2.13,268.2446809,,,63
6/13/2000,BQ3,3,115.7,3740.026596,,,57
6/13/2000,Intake,C,0.5,15,,,63
6/13/2000,Intake,C,0.56,7,,,56
6/13/2000,Intake,C,0.44,9,,,74
6/13/2000,Intake,L,0.37,6,,,36
6/13/2000,Intake,L,0.75,5,,,64
6/13/2000,Intake,L,1.19,11,,,75
6/13/2000,Intake,R,0.63,17,,,79
6/13/2000,Intake,R,0.5,6,,,86
6/13/2000,Intake,R,1,10,,,56
6/13/2000,PR,1,6.44,652,,,55
6/13/2000,PR,2,2.25,115,,,67
6/13/2000,PR,3,2.31,82,,,62
6/13/2000,TC,C,0.44,14,,,68
6/13/2000,TC,C,0.56,7,,,58
6/13/2000,TC,C,0.44,5,,,67
6/13/2000,TC,L,0.75,9,,,56
6/13/2000,TC,L,0.62,13,,,71
6/13/2000,TC,L,0.87,9,,,85
6/13/2000,TC,R,0.56,16,,,75
6/13/2000,TC,R,0.81,24,,,76
6/13/2000,TC,R,0.69,16,,,50
6/13/2000,TRIB,1,0.44,5,,,50
6/13/2000,TRIB,2,2.38,3,,,83
6/13/2000,TRIB,3,0.75,30,,,83
8/1/2000,BQ3,1,1.25,30.15957447,,,67
8/1/2000,BQ3,2,6.37,231.5824468,,,65
8/1/2000,BQ3,3,93.75,2154.255319,,,50
8/1/2000,Intake,C,0.5,17,,,62
8/1/2000,Intake,C,0.62,4,,,44
8/1/2000,Intake,C,0.44,8,,,79
8/1/2000,Intake,L,0.63,12,,,66
8/1/2000,Intake,L,0.56,39,,,59
8/1/2000,Intake,L,0.38,4,,,55
8/1/2000,Intake,R,0.69,19,,,56
8/1/2000,Intake,R,0.63,23,,,79
8/1/2000,Intake,R,0.56,16,,,59
8/1/2000,PR,1,2.31,710,,,57
8/1/2000,PR,2,8.63,5066,,,69
8/1/2000,PR,3,8.69,7819,,,72
8/1/2000,TC,C,0.44,10,,,52
8/1/2000,TC,C,0.31,24,,,49
8/1/2000,TC,C,0.69,3,,,53
8/1/2000,TC,L,0.56,14,,,63
8/1/2000,TC,L,1,38,,,54
8/1/2000,TC,L,0.62,13,,,42
8/1/2000,TC,R,0.5,11,,,70
8/1/2000,TC,R,0.69,22,,,64
8/1/2000,TC,R,0.37,22,,,54
8/1/2000,TRIB,1,0.56,2,,,50
8/1/2000,TRIB,2,0.44,9,,,70
8/1/2000,TRIB,3,0.44,6,,,50
9/5/2000,BQ3,1,3,157.8191489,,,48
9/5/2000,BQ3,2,1.88,81.38297872,,,47
9/5/2000,BQ3,3,2.25,122.7925532,,,67
9/5/2000,Intake,C,0.94,28,,,70
9/5/2000,Intake,C,0.88,12,,,88
9/5/2000,Intake,C,0.62,11,,,72
9/5/2000,Intake,L,0.87,8,,,58
9/5/2000,Intake,L,1.06,13,,,77
9/5/2000,Intake,L,1.06,35,,,67
9/5/2000,Intake,R,2,8,,,82
9/5/2000,Intake,R,0.75,19,,,64
9/5/2000,Intake,R,0.69,6,,,67
9/5/2000,PR,1,2.75,471,,,62
9/5/2000,PR,2,4.63,815,,,50
9/5/2000,PR,3,2.19,159,,,80
9/5/2000,TC,C,0.5,51,,,58
9/5/2000,TC,C,1,23,,,63
9/5/2000,TC,C,1.13,26,,,64
9/5/2000,TC,L,1.31,27,,,78
9/5/2000,TC,L,1.19,31,,,62
9/5/2000,TC,L,0.87,18,,,88
9/5/2000,TC,R,0.75,13,,,63
9/5/2000,TC,R,0.69,9,,,43
9/5/2000,TC,R,1.06,11,,,53
9/5/2000,TRIB,1,0.38,31,,,11
9/5/2000,TRIB,2,0.69,12,,,56
9/5/2000,TRIB,3,1.94,8,,,54
10/3/2000,BQ3,1,1.18,709.1090426,765.8392275,0.306335691,34
10/3/2000,BQ3,2,1.68,342.9468612,875.4404743,0.35017619,52
10/3/2000,BQ3,3,2.89,493.6835106,775.543286,0.310217314,46
10/3/2000,Intake,C,0.62,8,2.17,0.0009,63
10/3/2000,Intake,C,0.69,11,2.94,0.0012,63
10/3/2000,Intake,C,0.5,7,2.38,0.001,87
10/3/2000,Intake,L,0.94,12,3.33,0.0013,57
10/3/2000,Intake,L,0.87,7,1.82,0.0007,67
10/3/2000,Intake,L,0.94,13,4.01,0.0016,58
10/3/2000,Intake,R,1.63,7,1.88,0.0008,43
10/3/2000,Intake,R,1,8,2.44,0.001,50
10/3/2000,Intake,R,,38,15.55,0.0062,74
10/3/2000,PR,1,1,12,2.72,0.0011,75
10/3/2000,PR,2,10.63,437,144.44,0.0578,44
10/3/2000,PR,3,4.12,1157,304.54,0.1218,51
10/3/2000,TC,C,0.84,2,0.57,0.0002,55
10/3/2000,TC,C,0.81,6,1.56,0.0006,83
10/3/2000,TC,C,0.62,9,5.77,0.0023,50
10/3/2000,TC,L,0.87,19,5.86,0.0023,51
10/3/2000,TC,L,0.73,18,5.49,0.0022,42
10/3/2000,TC,L,0.64,30,7.98,0.0032,53
10/3/2000,TC,R,0.89,4,1.27,0.0005,79
10/3/2000,TC,R,1.75,25,10.7,0.0043,53
10/3/2000,TC,R,1.19,11,2.98,0.0012,86
10/3/2000,TRIB,1,0.71,27,10.39001111,0.004156004,70
10/3/2000,TRIB,2,1.62,8,2.744649065,0.00109786,90
10/3/2000,TRIB,3,0.74,20,7.687463183,0.003074985,67
12/5/2000,BQ3,1,9.75,498.6702128,,,52
12/5/2000,BQ3,2,10.87,418.8829787,,,43
12/5/2000,BQ3,3,44.56,523.6037234,,,67
12/5/2000,Intake,C,1.07,13,,,56
12/5/2000,Intake,C,0.94,22,,,64
12/5/2000,Intake,C,0.67,18,,,44
12/5/2000,Intake,L,1.05,29,,,72
12/5/2000,Intake,L,0.94,26,,,58
12/5/2000,Intake,L,1.13,66,,,58
12/5/2000,Intake,R,1.09,19,,,58
12/5/2000,Intake,R,0.78,17,,,50
12/5/2000,Intake,R,0.7,13,,,62
12/5/2000,PR,1,4.88,243,,,49
12/5/2000,PR,2,7.85,165,,,55
12/5/2000,PR,3,1.41,66,,,61
12/5/2000,TC,C,0.39,47,,,60
12/5/2000,TC,C,0.35,7,,,67
12/5/2000,TC,C,1.09,29,,,52
12/5/2000,TC,L,0.66,31,,,55
12/5/2000,TC,L,1.17,24,,,64
12/5/2000,TC,L,2.06,67,,,73
12/5/2000,TC,R,0.66,47,,,69
12/5/2000,TC,R,0.66,18,,,41
12/5/2000,TC,R,0.62,20,,,68
12/5/2000,TRIB,1,1.21,10,,,80
12/5/2000,TRIB,2,0.7,14,,,36
12/5/2000,TRIB,3,0.94,11,,,36
1/9/2001,BQ3,1,5.31,493.6835106,,,42
1/9/2001,BQ3,2,1.81,638.2978723,,,53
1/9/2001,BQ3,3,1.5,837.7659574,,,36
1/9/2001,Intake,C,0.81,24,,,45
1/9/2001,Intake,C,0.5,52,,,66
1/9/2001,Intake,C,3.83,22,,,78
1/9/2001,Intake,L,0.87,68,,,58
1/9/2001,Intake,L,0.94,50,,,45
1/9/2001,Intake,L,0.56,115,,,47
1/9/2001,Intake,R,2.63,15,,,70
1/9/2001,Intake,R,0.81,24,,,62
1/9/2001,Intake,R,0.62,50,,,60
1/9/2001,PR,1,8.8,385,,,44
1/9/2001,PR,2,46.38,115,,,48
1/9/2001,PR,3,47.88,39,,,67
1/9/2001,TC,C,0.75,118,,,59
1/9/2001,TC,C,0.44,162,,,59
1/9/2001,TC,C,0.5,68,,,55
1/9/2001,TC,L,0.44,17,,,35
1/9/2001,TC,L,0.5,98,,,50
1/9/2001,TC,L,0.88,34,,,46
1/9/2001,TC,R,0.31,6,,,63
1/9/2001,TC,R,0.69,9,,,61
1/9/2001,TC,R,0.31,19,,,59
1/9/2001,TRIB,1,0.75,14,,,55
1/9/2001,TRIB,2,0.44,22,,,59
1/9/2001,TRIB,3,0.44,5,,,18
2/28/2001,BQ3,1,,478.7234043,,,81
2/28/2001,BQ3,2,,1246.675532,,,63
2/28/2001,BQ3,3,,1196.808511,,,50
2/28/2001,Intake,C,,55,,,64
2/28/2001,Intake,C,,103,,,79
2/28/2001,Intake,C,,39,,,64
2/28/2001,Intake,L,,43,,,43
2/28/2001,Intake,L,,48,,,46
2/28/2001,Intake,L,,85,,,48
2/28/2001,Intake,R,,27,,,62
2/28/2001,Intake,R,,202,,,48
2/28/2001,Intake,R,,21,,,60
2/28/2001,PR,1,,568,,,54
2/28/2001,PR,2,,2373,,,53
2/28/2001,PR,3,,79221,,,50
2/28/2001,TC,C,,101,,,59
2/28/2001,TC,C,,32,,,60
2/28/2001,TC,C,,43,,,63
2/28/2001,TC,L,,60,,,57
2/28/2001,TC,L,,54,,,57
2/28/2001,TC,L,,21,,,71
2/28/2001,TC,R,,52,,,67
2/28/2001,TC,R,,59,,,63
2/28/2001,TC,R,,47,,,70
2/28/2001,TRIB,1,,8,,,63
2/28/2001,TRIB,2,,15,,,73
2/28/2001,TRIB,3,,70,,,86
4/10/2001,BQ3,1,,433.4441489,,,60
4/10/2001,BQ3,2,,528.5904255,,,68
4/10/2001,BQ3,3,,837.7659574,,,50
4/10/2001,Intake,C,,33,,,67
4/10/2001,Intake,C,,46,,,68
4/10/2001,Intake,C,,15,,,81
4/10/2001,Intake,L,,44,,,84
4/10/2001,Intake,L,,14,,,79
4/10/2001,Intake,L,,45,,,75
4/10/2001,Intake,R,,21,,,80
4/10/2001,Intake,R,,33,,,71
4/10/2001,Intake,R,,26,,,64
4/10/2001,PR,1,,334,,,83
4/10/2001,PR,2,,4562,,,45
4/10/2001,PR,3,,849,,,60
4/10/2001,TC,C,,88,,,67
4/10/2001,TC,C,,19,,,81
4/10/2001,TC,C,,29,,,83
4/10/2001,TC,L,,20,,,55
4/10/2001,TC,L,,6,,,73
4/10/2001,TC,L,,69,,,87
4/10/2001,TC,R,,55,,,61
4/10/2001,TC,R,,33,,,67
4/10/2001,TC,R,,34,,,57
4/10/2001,TRIB,1,,14,,,43
4/10/2001,TRIB,2,,22,,,68
4/10/2001,TRIB,3,,32,,,63
6/26/2001,BQ3,1,,339.0957447,,,62
6/26/2001,BQ3,2,,281.25,,,56
6/26/2001,BQ3,3,,2553.191489,,,47
6/26/2001,PR,1,,39,,,85
6/26/2001,PR,2,,263,,,45
6/26/2001,PR,3,,399,,,66
6/26/2001,TC,L,,10,,,68
6/26/2001,TC,L,,4,,,76
6/26/2001,TC,L,,10,,,84
6/26/2001,TRIB,1,,12,,,68
6/26/2001,TRIB,2,,14,,,56
6/26/2001,TRIB,3,,10,,,62
